<?xml version="1.0" encoding="UTF-8"?>
<mule xmlns:db="http://www.mulesoft.org/schema/mule/db"
      xmlns:email="http://www.mulesoft.org/schema/mule/email"
      xmlns:secure-properties="http://www.mulesoft.org/schema/mule/secure-properties"
      xmlns:http="http://www.mulesoft.org/schema/mule/http"
      xmlns:doc="http://www.mulesoft.org/schema/mule/documentation"
      xmlns="http://www.mulesoft.org/schema/mule/core"
      xmlns:xsi="http://www.w3.org/2001/XMLSchema-instance" xsi:schemaLocation="
http://www.mulesoft.org/schema/mule/db http://www.mulesoft.org/schema/mule/db/current/mule-db.xsd
http://www.mulesoft.org/schema/mule/email http://www.mulesoft.org/schema/mule/email/current/mule-email.xsd
http://www.mulesoft.org/schema/mule/secure-properties http://www.mulesoft.org/schema/mule/secure-properties/current/mule-secure-properties.xsd
http://www.mulesoft.org/schema/mule/http http://www.mulesoft.org/schema/mule/http/current/mule-http.xsd
http://www.mulesoft.org/schema/mule/core http://www.mulesoft.org/schema/mule/core/current/mule.xsd">

    <!-- Configuration Properties -->
    <secure-properties:config name="Secure_Properties_Config" doc:name="Secure Properties Config" doc:id="a1b2c3d4-e5f6-7890-1234-567890abcdef">
        <secure-properties:file key="${secure.key}" path="application-${mule.env}.yaml"/>
    </secure-properties:config>

    <http:listener-config name="HTTP_Listener_config" doc:name="HTTP Listener config" doc:id="f2413155-2746-4c4c-8367-154943f60e9d" >
        <http:listener-connection host="0.0.0.0" port="${http.port}" />
    </http:listener-config>

    <db:config name="PostgreSQL_Database_Config" doc:name="PostgreSQL Database Config" doc:id="120a1c62-811c-4b71-9f2d-8b093358054c" >
        <db:driver-connection driverClassName="org.postgresql.Driver" connectionUrl="jdbc:postgresql://${db.host}:${db.port}/${db.database}">
            <db:connection-properties >
                <db:property key="user" value="${db.user}" />
                <db:property key="password" value="${db.password}" />
            </db:connection-properties>
        </db:driver-connection>
    </db:config>

    <email:smtp-config name="Email_SMTP_Configuration" doc:name="Email SMTP Configuration" doc:id="f1e2d3c4-b5a6-7890-1234-567890abcdef">
        <email:smtp-connection host="${email.host}" port="${email.port}" user="${email.user}" password="${email.password}" />
    </email:smtp-config>

    <!-- Global Error Handler -->
    <error-handler name="global-error-handler" doc:id="a1b2c3d4-e5f6-7890-1234-567890abcdef_global">
        <on-error-propagate type="APP:UNAUTHORIZED" enableDefaultErrorResponse="false" doc:name="On Error Propagate (Unauthorized)" doc:id="b1c2d3e4-f5g6-7890-1234-567890abcdef_unauth">
            <set-payload value='#[%dw 2.0 output application/json --- { "status": "error", "message": "Invalid or missing X-HubSpot-Signature." }]' doc:name="Set 401 Response" doc:id="c1d2e3f4-g5h6-7890-1234-567890abcdef_401"/>
            <set-property value="401" doc:name="Set HTTP Status 401" doc:id="d1e2f3g4-h5i6-7890-1234-567890abcdef_status401" propertyName="http.status"/>
            <logger level="ERROR" doc:name="Log Unauthorized Error" doc:id="e1f2g3h4-i5j6-7890-1234-567890abcdef_log_unauth" message='#[&quot;[Correlation ID: &quot; ++ (vars.correlationId default &quot;N/A&quot;) ++ &quot;] Unauthorized access attempt: &quot; ++ error.description]'/>
            <logger level="INFO" doc:name="Log Transaction End Failure" doc:id="f1g2h3i4-j5k6-7890-1234-567890abcdef_end_unauth" message='#[&quot;[Correlation ID: &quot; ++ (vars.correlationId default &quot;N/A&quot;) ++ &quot;] Transaction ended with status: FAILED (Unauthorized).&quot;]'/>
        </on-error-propagate>

        <on-error-propagate type="ANY" enableDefaultErrorResponse="false" doc:name="On Error Propagate (Any)" doc:id="g1h2i3j4-k5l6-7890-1234-567890abcdef_any">
            <set-payload value='#[%dw 2.0 output application/json --- { "status": "error", "message": "An unexpected error occurred. Please contact support.", "transactionId": (vars.correlationId default "N/A") }]' doc:name="Set 500 Response" doc:id="h1i2j3k4-l5m6-7890-1234-567890abcdef_500"/>
            <set-property value="500" doc:name="Set HTTP Status 500" doc:id="i1j2k3l4-m5n6-7890-1234-567890abcdef_status500" propertyName="http.status"/>
            
            <logger level="ERROR" doc:name="Log Critical Error" doc:id="j1k2l3m4-n5o6-7890-1234-567890abcdef_log_critical"
                    message='#[&quot;[Correlation ID: &quot; ++ (vars.correlationId default &quot;N/A&quot;) ++ &quot;] Critical Error: &quot; ++ error.description ++ &quot;\n&quot; ++ &quot;Error Type: &quot; ++ error.errorType.namespace ++ &quot;:&quot; ++ error.errorType.identifier ++ &quot;\n&quot; ++ &quot;Detailed Message: &quot; ++ (error.errorMessage.payload default &quot;No detailed message.&quot;) ++ &quot;\n&quot; ++ &quot;Original Payload (masked): &quot; ++ (write(vars.originalHubspotPayload default {}, &quot;application/json&quot;) replace &quot;client_secret&quot; with &quot;****&quot;)]'/>
            
            <email:send doc:name="Send Error Notification Email" doc:id="k1l2m3n4-o5p6-7890-1234-567890abcdef_email" config-ref="Email_SMTP_Configuration" fromAddress="${email.from}" toAddresses="${email.to}">
                <email:subject >#[&quot;CRITICAL ERROR: HubSpot Company Sync Failure [Correlation ID: &quot; ++ (vars.correlationId default &quot;N/A&quot;) ++ &quot;]&quot;]</email:subject>
                <email:body contentType="text/html">
                    <email:content >
                        <![CDATA[
                        <html>
                            <body>
                                <h2>HubSpot Company Sync Service - Critical Error Notification</h2>
                                <p><strong>Timestamp:</strong> #[now()]</p>
                                <p><strong>Correlation ID:</strong> #[vars.correlationId default "N/A"]</p>
                                <p><strong>Error Type:</strong> #[error.errorType.namespace default "UNKNOWN"]:#[(error.errorType.identifier default "UNKNOWN")]</p>
                                <p><strong>Description:</strong> #[error.description default "No description available."]</p>
                                <p><strong>Detailed Message:</strong> #[error.errorMessage.payload default "No detailed message."]</p>
                                <h3>Problematic Payload (masked):</h3>
                                <pre>#[write(vars.originalHubspotPayload default {}, "application/json") replace "client_secret" with "****"]</pre>
                                <h3>Full Stack Trace:</h3>
                                <pre>#[error.errorMessage.detailedMessage]</pre>
                                <p>Please investigate immediately.</p>
                            </body>
                        </html>
                        ]]>
                    </email:content>
                </email:body>
            </email:send>
            <logger level="INFO" doc:name="Log Transaction End Failure" doc:id="l1m2n3o4-p5q6-7890-1234-567890abcdef_end_any" message='#[&quot;[Correlation ID: &quot; ++ (vars.correlationId default &quot;N/A&quot;) ++ &quot;] Transaction ended with status: FAILED (Internal Server Error).&quot;]'/>
        </on-error-propagate>
    </error-handler>

    <flow name="hubspot-company-sync-main-flow" doc:id="a0b1c2d3-e4f5-6789-0123-456789abcdef" error-handler-ref="global-error-handler">
        <http:listener doc:name="HubSpot Company Creation Webhook Listener" doc:id="7a1e0d3c-9b8a-7c6b-5a4d-3e2f10g9h8i7" config-ref="HTTP_Listener_config" path="/hubspot/company-creation"/>
        
        <set-variable value="#[uuid()]" doc:name="Set Correlation ID" doc:id="a1b2c3d4-e5f6-7890-1234-567890abcdef1" variableName="correlationId"/>
        <logger level="INFO" doc:name="Log Transaction Start" doc:id="b1c2d3e4-f5a6-7890-1234-567890abcdef2" message='#[&quot;[Correlation ID: &quot; ++ vars.correlationId ++ &quot;] Transaction started for HubSpot company creation webhook.&quot;]'/>
        
        <!-- Store Original HubSpot Payload for logging and error handling -->
        <set-variable value="#[payload]" doc:name="Store Original HubSpot Payload" doc:id="c1d2e3f4-a5b6-7890-1234-567890abcdef3" variableName="originalHubspotPayload"/>

        <logger level="INFO" doc:name="Log Incoming Payload" doc:id="d1e2f3a4-b5c6-7890-1234-567890abcdef4" message='#[&quot;[Correlation ID: &quot; ++ vars.correlationId ++ &quot;] Received HubSpot webhook payload: &quot; ++ (write(vars.originalHubspotPayload, &quot;application/json&quot;) replace &quot;client_secret&quot; with &quot;****&quot;)]'/>
        
        <choice doc:name="Is Signature Valid?" doc:id="f1a2b3c4-d5e6-7890-1234-5677890abcdef6">
            <when expression="#[
                import * from dw::core::Strings
                import * from dw::crypto::HMAC

                var hubspotClientSecret = p('hubspot.client.secret')
                var receivedSignature = attributes.headers['x-hubspot-signature'] default ''

                // The `vars.originalHubspotPayload` holds the parsed JSON.
                // Re-serialize it to a JSON string to get the exact bytes HubSpot would sign.
                var payloadString = write(vars.originalHubspotPayload, 'application/json')
                var computedSignature = HMACBinary(payloadString.bytes, hubspotClientSecret.bytes, 'SHA-256') as String { format: 'hex' }

                ---
                receivedSignature == computedSignature
            ]">
                <logger level="INFO" doc:name="Log Signature Valid" doc:id="g1h2i3j4-k5l6-7890-1234-567890abcdef7" message='#[&quot;[Correlation ID: &quot; ++ vars.correlationId ++ &quot;] HubSpot webhook signature validated successfully.&quot;]'/>
            </when>
            <otherwise>
                <logger level="WARN" doc:name="Log Invalid Signature" doc:id="h1i2j3k4-l5m6-7890-1234-567890abcdef8" message='#[&quot;[Correlation ID: &quot; ++ vars.correlationId ++ &quot;] HubSpot webhook signature validation failed. Received: &quot; ++ (attributes.headers['x-hubspot-signature'] default &quot;[Missing]&quot;) ++ &quot; for payload: &quot; ++ (write(vars.originalHubspotPayload, &quot;application/json&quot;) replace &quot;client_secret&quot; with &quot;****&quot;)]'/>
                <raise-error doc:name="Raise Unauthorized Error" doc:id="i1j2k3l4-m5n6-7890-1234-567890abcdef9" type="APP:UNAUTHORIZED"/>
            </otherwise>
        </choice>

        <!-- Prepare Payload for Transformation: Include root objectId and properties -->
        <set-payload value="#[{
            originalObjectId: vars.originalHubspotPayload.objectId,
            properties: vars.originalHubspotPayload.properties
        }]" doc:name="Prepare Payload for Transformation" doc:id="m1n2o3p4-q5r6-7890-1234-567890abcdef3"/>

        <logger level="INFO" doc:name="Log Transformation Input" doc:id="n1o2p3q4-r5s6-7890-1234-567890abcdef4" message='#[&quot;[Correlation ID: &quot; ++ vars.correlationId ++ &quot;] Transforming HubSpot Company properties: &quot; ++ write(payload, &quot;application/json&quot;)]'/>
        <ee:transform doc:name="Transform HubSpot to Customer" doc:id="o1p2q3r4-s5t6-7890-1234-567890abcdef5">
            <ee:message>
                <ee:set-payload resource="dataweave/transform-hubspot-company.dwl" />
            </ee:message>
        </ee:transform>
        <logger level="INFO" doc:name="Log Transformed Data" doc:id="p1q2r3s4-t5u6-7890-1234-567890abcdef6" message='#[&quot;[Correlation ID: &quot; ++ vars.correlationId ++ &quot;] Transformed customer data: &quot; ++ write(payload, &quot;application/json&quot;)]'/>

        <db:insert doc:name="Insert New Customer Record" doc:id="q1r2s3t4-u5v6-7890-1234-567890abcdef7" config-ref="PostgreSQL_Database_Config">
            <db:sql>INSERT INTO customers (hubspot_company_id, customer_name, website) VALUES (:hubspot_company_id, :customer_name, :website)</db:sql>
            <db:input-parameters>#[payload]</db:input-parameters>
        </db:insert>
        <logger level="INFO" doc:name="Log DB Insert Success" doc:id="r1s2t3u4-v5w6-7890-1234-567890abcdef8" message='#[&quot;[Correlation ID: &quot; ++ vars.correlationId ++ &quot;] Successfully inserted new customer record for HubSpot Company ID: &quot; ++ vars.originalHubspotPayload.objectId ++ &quot;. Records affected: &quot; ++ payload.affectedRows]'/>

        <set-payload value='#[%dw 2.0 output application/json --- { "status": "success", "message": "Company creation event received and processing initiated.", "correlationId": vars.correlationId }]' doc:name="Set Success Response" doc:id="s1t2u3v4-w5x6-7890-1234-567890abcdef9"/>
        <logger level="INFO" doc:name="Log Transaction End Success" doc:id="t1u2v3w4-x5y6-7890-1234-567890abcdef0" message='#[&quot;[Correlation ID: &quot; ++ vars.correlationId ++ &quot;] Transaction completed successfully.&quot;]'/>
    </flow>
</mule>