<?xml version="1.0" encoding="UTF-8" standalone="yes"?>
<w:document xmlns:wpc="http://schemas.microsoft.com/office/word/2010/wordprocessingCanvas" xmlns:cx="http://schemas.microsoft.com/office/drawing/2014/chartex" xmlns:cx1="http://schemas.microsoft.com/office/drawing/2015/9/8/chartex" xmlns:cx2="http://schemas.microsoft.com/office/drawing/2015/10/21/chartex" xmlns:cx3="http://schemas.microsoft.com/office/drawing/2016/5/9/chartex" xmlns:cx4="http://schemas.microsoft.com/office/drawing/2016/5/10/chartex" xmlns:cx5="http://schemas.microsoft.com/office/drawing/2016/5/11/chartex" xmlns:cx6="http://schemas.microsoft.com/office/drawing/2016/5/12/chartex" xmlns:cx7="http://schemas.microsoft.com/office/drawing/2016/5/13/chartex" xmlns:cx8="http://schemas.microsoft.com/office/drawing/2016/5/14/chartex" xmlns:mc="http://schemas.openxmlformats.org/markup-compatibility/2006" xmlns:aink="http://schemas.microsoft.com/office/drawing/2016/ink" xmlns:am3d="http://schemas.microsoft.com/office/drawing/2017/model3d" xmlns:o="urn:schemas-microsoft-com:office:office" xmlns:oel="http://schemas.microsoft.com/office/2019/extlst" xmlns:r="http://schemas.openxmlformats.org/officeDocument/2006/relationships" xmlns:m="http://schemas.openxmlformats.org/officeDocument/2006/math" xmlns:v="urn:schemas-microsoft-com:vml" xmlns:wp14="http://schemas.microsoft.com/office/word/2010/wordprocessingDrawing" xmlns:wp="http://schemas.openxmlformats.org/drawingml/2006/wordprocessingDrawing" xmlns:w10="urn:schemas-microsoft-com:office:word" xmlns:w="http://schemas.openxmlformats.org/wordprocessingml/2006/main" xmlns:w14="http://schemas.microsoft.com/office/word/2010/wordml" xmlns:w15="http://schemas.microsoft.com/office/word/2012/wordml" xmlns:w16cex="http://schemas.microsoft.com/office/word/2018/wordml/cex" xmlns:w16cid="http://schemas.microsoft.com/office/word/2016/wordml/cid" xmlns:w16="http://schemas.microsoft.com/office/word/2018/wordml" xmlns:w16du="http://schemas.microsoft.com/office/word/2023/wordml/word16du" xmlns:w16sdtdh="http://schemas.microsoft.com/office/word/2020/wordml/sdtdatahash" xmlns:w16sdtfl="http://schemas.microsoft.com/office/word/2024/wordml/sdtformatlock" xmlns:w16se="http://schemas.microsoft.com/office/word/2015/wordml/symex" xmlns:wpg="http://schemas.microsoft.com/office/word/2010/wordprocessingGroup" xmlns:wpi="http://schemas.microsoft.com/office/word/2010/wordprocessingInk" xmlns:wne="http://schemas.microsoft.com/office/word/2006/wordml" xmlns:wps="http://schemas.microsoft.com/office/word/2010/wordprocessingShape" mc:Ignorable="w14 w15 w16se w16cid w16 w16cex w16sdtdh w16sdtfl w16du wp14"><w:body><w:p w14:paraId="566BAD28" w14:textId="77777777" w:rsidR="00D1192F" w:rsidRPr="00D1192F" w:rsidRDefault="00D1192F" w:rsidP="00D1192F"><w:pPr><w:rPr><w:b/><w:bCs/></w:rPr></w:pPr><w:r w:rsidRPr="00D1192F"><w:rPr><w:b/><w:bCs/></w:rPr><w:t>High-Level Technical Requirement (HL-TR)</w:t></w:r></w:p><w:p w14:paraId="7BDEC406" w14:textId="77777777" w:rsidR="00D1192F" w:rsidRPr="00D1192F" w:rsidRDefault="00D1192F" w:rsidP="00D1192F"><w:pPr><w:numPr><w:ilvl w:val="0"/><w:numId w:val="2"/></w:numPr><w:rPr><w:b/><w:bCs/></w:rPr></w:pPr><w:r w:rsidRPr="00D1192F"><w:rPr><w:b/><w:bCs/></w:rPr><w:t>Frontend: HTML5 + JavaScript (responsive).</w:t></w:r></w:p><w:p w14:paraId="2C131AFC" w14:textId="77777777" w:rsidR="00D1192F" w:rsidRPr="00D1192F" w:rsidRDefault="00D1192F" w:rsidP="00D1192F"><w:pPr><w:numPr><w:ilvl w:val="0"/><w:numId w:val="2"/></w:numPr><w:rPr><w:b/><w:bCs/></w:rPr></w:pPr><w:r w:rsidRPr="00D1192F"><w:rPr><w:b/><w:bCs/></w:rPr><w:t>Backend: Python (FastAPI or Flask) for APIs.</w:t></w:r></w:p><w:p w14:paraId="73FEF250" w14:textId="77777777" w:rsidR="00D1192F" w:rsidRPr="00D1192F" w:rsidRDefault="00D1192F" w:rsidP="00D1192F"><w:pPr><w:numPr><w:ilvl w:val="0"/><w:numId w:val="2"/></w:numPr><w:rPr><w:b/><w:bCs/></w:rPr></w:pPr><w:r w:rsidRPr="00D1192F"><w:rPr><w:b/><w:bCs/></w:rPr><w:t>Database: PostgreSQL for content &amp; form submissions.</w:t></w:r></w:p><w:p w14:paraId="16A2CCD1" w14:textId="77777777" w:rsidR="00D1192F" w:rsidRPr="00D1192F" w:rsidRDefault="00D1192F" w:rsidP="00D1192F"><w:pPr><w:numPr><w:ilvl w:val="0"/><w:numId w:val="2"/></w:numPr><w:rPr><w:b/><w:bCs/></w:rPr></w:pPr><w:r w:rsidRPr="00D1192F"><w:rPr><w:b/><w:bCs/></w:rPr><w:t>Storage: Object store for PI/MedGuide PDFs.</w:t></w:r></w:p><w:p w14:paraId="7E983B2C" w14:textId="77777777" w:rsidR="00D1192F" w:rsidRPr="00D1192F" w:rsidRDefault="00D1192F" w:rsidP="00D1192F"><w:pPr><w:numPr><w:ilvl w:val="0"/><w:numId w:val="2"/></w:numPr><w:rPr><w:b/><w:bCs/></w:rPr></w:pPr><w:r w:rsidRPr="00D1192F"><w:rPr><w:b/><w:bCs/></w:rPr><w:t>Security: HTTPS, CSP, rate limiting, input validation.</w:t></w:r></w:p><w:p w14:paraId="3123119A" w14:textId="77777777" w:rsidR="00D1192F" w:rsidRPr="00D1192F" w:rsidRDefault="00D1192F" w:rsidP="00D1192F"><w:pPr><w:numPr><w:ilvl w:val="0"/><w:numId w:val="2"/></w:numPr><w:rPr><w:b/><w:bCs/></w:rPr></w:pPr><w:r w:rsidRPr="00D1192F"><w:rPr><w:b/><w:bCs/></w:rPr><w:t>Deployment: Dev, Staging, Prod with CI/CD.</w:t></w:r></w:p><w:p w14:paraId="27933B04" w14:textId="77777777" w:rsidR="00D412F4" w:rsidRPr="00D1192F" w:rsidRDefault="00D412F4" w:rsidP="00D1192F"/><w:sectPr w:rsidR="00D412F4" w:rsidRPr="00D1192F"><w:pgSz w:w="12240" w:h="15840"/><w:pgMar w:top="1440" w:right="1440" w:bottom="1440" w:left="1440" w:header="720" w:footer="720" w:gutter="0"/><w:cols w:space="720"/><w:docGrid w:linePitch="360"/></w:sectPr></w:body></w:document>