<?xml version="1.0" encoding="utf-8"?>
<Configuration>
    <Appenders>
        <Console name="Console" target="SYSTEM_OUT">
            <PatternLayout pattern="%-5p %d [%t] [event: %X{correlationId}] %c: %m%n"/>
        </Console>
        <RollingFile name="file" fileName="${sys:mule.home}/logs/${app.name}.log"
                     filePattern="${sys:mule.home}/logs/${app.name}-%i.log">
            <PatternLayout pattern="%-5p %d [%t] [event: %X{correlationId}] %c: %m%n"/>
            <SizeBasedTriggeringPolicy size="10 MB"/>
            <DefaultRolloverStrategy max="10"/>
        </RollingFile>
    </Appenders>
    <Loggers>
        <!-- Http Logger shows wire traffic on DEBUG. -->
        <!-- AsyncLogger is recommended for performance, but for this example, standard Logger is fine. -->
        <AsyncLogger name="org.mule.service.http.impl.service.HttpMessageLogger" level="DEBUG"/>
        <Logger name="org.mule.extension.http" level="INFO"/>
        <Logger name="org.mule.runtime.core.internal.processor.LoggerMessageProcessor" level="INFO"/>
        <Root level="INFO">
            <AppenderRef ref="Console"/>
            <AppenderRef ref="file"/>
            <!-- In CloudHub, logs are automatically streamed to Anypoint Monitoring.
                 No explicit HTTP appender is needed for Anypoint Monitoring. -->
        </Root>
    </Loggers>
</Configuration>